{
  "cities": [
    {"name": "Colombo", "country": "Sri Lanka", "lat": 6.9271, "lng": 79.8612},
    {"name": "Kandy", "country": "Sri Lanka", "lat": 7.2906, "lng": 80.6337},
    {"name": "Galle", "country": "Sri Lanka", "lat": 6.0535, "lng": 80.2210},
    {"name": "New York", "country": "USA", "lat": 40.7128, "lng": -74.0060},
    {"name": "London", "country": "UK", "lat": 51.5074, "lng": -0.1278},
    {"name": "Paris", "country": "France", "lat": 48.8566, "lng": 2.3522},
    {"name": "Tokyo", "country": "Japan", "lat": 35.6762, "lng": 139.6503},
    {"name": "Dubai", "country": "UAE", "lat": 25.2048, "lng": 55.2708},
    {"name": "Singapore", "country": "Singapore", "lat": 1.3521, "lng": 103.8198},
    {"name": "Bangkok", "country": "Thailand", "lat": 13.7563, "lng": 100.5018},
    {"name": "Mumbai", "country": "India", "lat": 19.0760, "lng": 72.8777},
    {"name": "Delhi", "country": "India", "lat": 28.7041, "lng": 77.1025},
    {"name": "Sydney", "country": "Australia", "lat": -33.8688, "lng": 151.2093},
    {"name": "Toronto", "country": "Canada", "lat": 43.6532, "lng": -79.3832},
    {"name": "Los Angeles", "country": "USA", "lat": 34.0522, "lng": -118.2437},
    {"name": "Berlin", "country": "Germany", "lat": 52.5200, "lng": 13.4050},
    {"name": "Rome", "country": "Italy", "lat": 41.9028, "lng": 12.4964},
    {"name": "Madrid", "country": "Spain", "lat": 40.4168, "lng": -3.7038},
    {"name": "Amsterdam", "country": "Netherlands", "lat": 52.3676, "lng": 4.9041},
    {"name": "Istanbul", "country": "Turkey", "lat": 41.0082, "lng": 28.9784}
  ]
}
